cart_size,similar_items,avg_price,return_prob
2,2,181.69814191193956,0.8183018580880604
4,2,144.75502902082408,1.0
4,2,80.55470683564617,1.0
6,5,14.333561336348838,1.0
6,1,149.73611796260937,1.0
6,0,105.73849350348291,1.0
1,0,175.56959396835447,0.024430406031645535
2,0,49.93226677688058,0.35006773322311946
4,2,66.91003706943343,1.0
6,4,73.99464276877073,1.0
3,3,75.33075552347803,1.0
1,0,119.01240719232881,0.08098759280767119
3,2,117.52459372722376,1.0
5,4,21.003168491552977,1.0
4,2,154.56829718516173,1.0
1,1,63.85609162102472,0.43614390837897526
3,3,88.52076146740853,1.0
4,1,160.52509238561086,0.9394749076143892
1,0,173.46457565990704,0.026535424340092956
3,2,23.565748746482825,1.0
2,0,165.97059933801197,0.23402940066198805
3,2,119.96734483036239,1.0
3,0,63.983271057246704,0.5360167289427534
4,3,124.35273688661943,1.0
4,1,31.740169088449544,1.0
1,0,95.44759731130488,0.10455240268869513
2,0,55.62806827102358,0.34437193172897645
6,3,72.5362153641677,1.0
5,5,31.31876965394203,1.0
3,2,36.49071877445634,1.0
5,3,34.07288977684998,1.0
1,1,124.92049592561835,0.3750795040743816
4,2,163.70904832705241,1.0
2,1,159.28696209374112,0.5407130379062588
3,2,132.4879176149429,1.0
4,0,184.3460260033755,0.6156539739966245
1,1,19.799287520758803,0.4802007124792412
6,6,177.04396261191516,1.0
5,0,107.6413629714136,0.8923586370285864
3,1,161.38844913585058,0.7386115508641495
6,2,16.451772380355607,1.0
4,3,143.8015452013322,1.0
6,0,101.82221555746135,1.0
4,4,55.94734874095773,1.0
5,4,127.53096647443883,1.0
6,3,186.22043560534868,1.0
1,1,157.871522725967,0.34212847727403295
3,1,97.71994258900376,0.8022800574109964
6,5,40.463966424346594,1.0
1,0,35.18959051482402,0.164810409485176
6,0,173.74258186887235,1.0
6,6,52.147220621645154,1.0
2,0,188.9774074894822,0.2110225925105178
4,1,193.3274211098129,0.9066725788901872
2,2,104.16762427756342,0.8958323757224366
3,3,192.82537319102718,1.0
3,1,24.62188174224604,0.8753781182577541
5,1,113.1555639617397,1.0
5,3,129.21178234454186,1.0
4,2,65.93882716026869,1.0
6,6,166.52908499119326,1.0
6,5,105.76878859080296,1.0
3,1,171.96320350656202,0.7280367964934381
2,2,57.30768998247714,0.9426923100175228
4,3,165.14498246278683,1.0
3,0,66.79535753729007,0.53320464246271
5,1,54.35269982938787,1.0
6,3,88.00389207029345,1.0
4,3,197.25251040935183,1.0
1,1,178.3359282695017,0.32166407173049827
2,2,77.711387110329,0.922288612889671
1,1,168.55015460956162,0.33144984539043837
6,2,10.547698320931044,1.0
3,3,176.2079703342965,1.0
3,0,89.93351035171739,0.5100664896482827
3,1,23.756873074276108,0.876243126925724
4,2,116.11612023929197,1.0
5,5,89.8873275951651,1.0
4,3,80.34249572980163,1.0
1,1,111.38660943315617,0.38861339056684385
4,0,84.43565120673586,0.7155643487932641
3,3,197.5938903719873,1.0
5,2,96.52591844517387,1.0
2,1,188.80949892637605,0.511190501073624
6,6,123.22872414580648,1.0
1,0,19.50575153795775,0.18049424846204226
6,5,120.14985080510044,1.0
1,0,197.43623820503123,0.002563761794968783
3,3,30.930745187930064,1.0
3,1,52.12910734431132,0.8478708926556888
5,3,74.22060993429655,1.0
6,2,153.58989159756908,1.0
4,0,90.95192747604983,0.7090480725239502
3,1,87.93579710005413,0.812064202899946
4,0,22.952722487746712,0.7770472775122533
1,0,57.67055378532934,0.14232944621467067
4,0,29.567742101713495,0.7704322578982865
3,1,38.38425523120786,0.8616157447687922
5,0,73.12202642856936,0.9268779735714306
4,4,100.60570392422426,1.0
2,1,35.27685530819433,0.6647231446918056
4,3,130.66784204147422,1.0
4,1,10.336313172472037,1.0
6,4,68.49410004254162,1.0
6,4,114.80918574443541,1.0
1,0,100.22071171114172,0.09977928828885829
1,0,47.78940718813279,0.15221059281186722
6,3,59.36859858654047,1.0
1,1,171.58460895673588,0.3284153910432641
4,2,67.00744834113443,1.0
1,0,13.943227390532934,0.18605677260946707
6,3,43.9843890506183,1.0
5,4,89.78288190588582,1.0
1,1,45.29659977717718,0.45470340022282285
3,2,182.26092830499277,1.0
6,2,97.75928267071909,1.0
6,4,115.07101111738979,1.0
3,0,149.51297122152795,0.45048702877847213
1,1,139.36527039853306,0.3606347296014669
1,1,168.21801141377878,0.3317819885862212
5,5,90.1666430105292,1.0
6,3,123.77988886092332,1.0
6,1,27.43905649607655,1.0
3,0,51.158733896140866,0.5488412661038592
3,2,127.74719054617967,1.0
4,0,177.48056340301667,0.6225194365969834
3,0,175.74688987926237,0.42425311012073774
5,3,130.5061907765297,1.0
5,3,158.19507758949715,1.0
1,0,159.62456918937903,0.04037543081062095
3,3,142.4496793428176,1.0
3,0,21.538749741724143,0.578461250258276
2,1,47.46340364517485,0.6525365963548251
3,3,55.70026274258569,1.0
3,0,25.091643141322265,0.5749083568586778
3,3,163.87913321656504,1.0
4,4,78.91487587044325,1.0
1,0,105.41157781879761,0.09458842218120239
5,0,73.76824121822695,0.926231758781773
5,2,93.19652076484051,1.0
2,0,91.73719391017246,0.30826280608982753
3,2,117.50220977178235,1.0
6,3,121.67591248852445,1.0
3,2,119.45840268253028,1.0
1,1,161.60107416982802,0.33839892583017195
3,2,34.89094234055042,1.0
1,0,24.055678698126805,0.1759443213018732
3,3,102.79283660975285,1.0
5,4,115.84542461130201,1.0
3,0,174.68909291288531,0.4253109070871147
6,5,81.1390474707012,1.0
5,0,133.98554159474065,0.8660144584052594
5,2,132.72273099359447,1.0
1,1,23.99148185969916,0.4760085181403008
1,0,52.8066575206517,0.14719334247934832
3,1,29.496310730401945,0.8705036892695982
5,1,30.434911098038864,1.0
3,1,92.27533136149692,0.8077246686385032
5,0,139.91276367216872,0.8600872363278312
1,1,123.1191349913996,0.3768808650086004
2,2,11.923154972543115,0.9880768450274569
2,2,180.38393630441453,0.8196160636955855
1,1,166.95093283990857,0.3330490671600914
1,0,27.997718033837504,0.17200228196616252
2,1,134.14191096250522,0.5658580890374947
1,1,119.75331966277605,0.380246680337224
5,2,185.05504211166485,1.0
6,4,168.7961213088348,1.0
4,0,19.23067136367913,0.7807693286363209
5,4,175.61284340312713,1.0
6,3,63.51462331204861,1.0
3,2,138.4146175274056,1.0
4,4,173.7576154151989,1.0
6,3,70.33768499020746,1.0
6,2,165.04767187894006,1.0
6,6,58.488538649694085,1.0
3,3,21.37548898725275,1.0
4,4,65.69770577852417,1.0
4,2,169.9801388885866,1.0
4,2,188.4797758191096,1.0
1,0,80.14409924430987,0.11985590075569014
1,1,11.262441955272406,0.48873755804472757
6,1,69.36100915816088,1.0
3,3,144.32067383631596,1.0
6,1,44.44560989550133,1.0
6,0,98.46763204985463,1.0
5,4,177.7711644184711,1.0
5,1,64.03928102845552,1.0
6,1,28.989583651149513,1.0
6,5,20.609749872613733,1.0
1,0,38.58023848216209,0.16141976151783793
5,4,15.569744384939748,1.0
1,1,160.82726499529528,0.3391727350047047
2,1,23.097639544550866,0.676902360455449
6,3,70.41227928333055,1.0
6,3,166.7830381967364,1.0
6,3,62.402615714011255,1.0
2,2,51.97960083868524,0.9480203991613148
1,0,173.97637682651072,0.026023623173489274
2,0,172.42112060784825,0.22757887939215177
5,3,139.62079724546984,1.0
3,1,150.73796367110177,0.7492620363288983
2,0,92.37282124823736,0.30762717875176265
2,0,66.92130961229701,0.333078690387703
6,4,22.63456996378946,1.0
1,0,91.10445843008736,0.10889554156991264
4,4,199.62315519986745,1.0
3,2,30.12462215663972,1.0
5,0,108.23919353933275,0.8917608064606672
5,2,83.7064186589678,1.0
3,1,131.5667246780261,0.768433275321974
5,4,168.83972697725397,1.0
1,1,198.13206347238324,0.3018679365276168
1,0,161.95232775515126,0.03804767224484876
5,5,43.1241513939182,1.0
6,2,59.739627344093584,1.0
1,0,75.84866764098271,0.12415133235901729
3,0,79.96424630509325,0.5200357536949068
3,3,120.00106614753092,1.0
4,1,47.17159921976099,1.0
3,0,165.39754035661934,0.43460245964338073
1,1,12.383547246989028,0.48761645275301096
2,2,151.83915769635735,0.8481608423036426
4,3,169.58196469094804,1.0
1,0,184.32793940728257,0.01567206059271742
5,1,194.46026453762107,1.0
1,1,45.926517845485414,0.4540734821545146
5,4,105.38484726904412,1.0
3,3,166.09747805803661,1.0
1,0,113.32019208515379,0.08667980791484622
1,0,190.1212751740379,0.00987872482596211
2,1,121.72401380012293,0.578275986199877
6,6,42.69360241628576,1.0
3,2,159.1519732105577,1.0
5,4,98.05044876096754,1.0
4,1,65.02225897871264,1.0
3,2,61.853160403131135,1.0
6,6,41.82671127390995,1.0
6,6,138.89124378202806,1.0
1,0,84.1934535499043,0.1158065464500957
3,0,63.59176165069681,0.5364082383493033
6,4,70.56002976963408,1.0
5,1,160.4620628283635,1.0
5,1,67.77269679140072,1.0
4,4,165.02373487494253,1.0
2,0,135.74035194118423,0.26425964805881574
3,0,187.4354635345873,0.4125645364654128
6,5,65.21794316035451,1.0
3,0,197.68597647648843,0.40231402352351164
6,0,64.83751790615949,1.0
5,0,28.27529887287217,0.9717247011271278
5,2,51.66900867752126,1.0
2,0,56.3613580501824,0.34363864194981764
6,6,118.37594389724507,1.0
3,1,93.57968060907548,0.8064203193909246
4,4,19.20894059511196,1.0
3,0,18.540829858102043,0.5814591701418981
2,2,89.11130490485878,0.9108886950951413
4,0,192.03830845141707,0.6079616915485829
4,1,81.25108675237199,1.0
5,3,64.52130383209416,1.0
6,1,115.37677075065805,1.0
6,2,32.486853901834266,1.0
6,3,102.5029498470711,1.0
3,1,21.99626805321696,0.8780037319467832
6,2,155.9986079849355,1.0
5,5,129.7891286425355,1.0
2,2,180.2827482780699,0.8197172517219301
4,2,114.059775128092,1.0
3,1,52.37877398000881,0.8476212260199913
6,4,109.42428711264347,1.0
4,2,110.7878852529676,1.0
3,3,128.2730825304091,1.0
5,2,173.10960554692886,1.0
1,0,151.63181924311928,0.04836818075688071
2,2,65.64231905485454,0.9343576809451455
5,3,117.8671882168213,1.0
6,6,64.45725826820976,1.0
1,1,69.4355039900226,0.43056449600997737
1,0,106.86863442063536,0.09313136557936463
6,1,116.21424661677514,1.0
1,1,37.59343057448906,0.46240656942551095
4,0,59.750428946143394,0.7402495710538567
6,6,16.03401572262023,1.0
2,1,160.47577077005542,0.5395242292299445
3,3,174.35210989766318,1.0
5,0,54.005556954367265,0.9459944430456327
5,2,122.4204681760984,1.0
6,5,67.62354873362489,1.0
4,0,58.48172603950602,0.741518273960494
6,0,85.92868168847575,1.0
1,1,133.44466091961957,0.3665553390803804
6,4,132.63291753551414,1.0
3,0,44.36417481154923,0.5556358251884509
6,1,24.648794380772546,1.0
1,1,168.23925330268509,0.3317607466973149
6,0,70.22756001422144,1.0
6,3,76.60854611999558,1.0
1,0,48.55699740408174,0.15144300259591825
3,3,81.87459392873029,1.0
3,0,34.85511194068731,0.5651448880593127
1,1,167.87997211559832,0.33212002788440165
3,1,46.048652103780555,0.8539513478962196
5,2,193.36353834089712,1.0
3,1,155.946081258399,0.7440539187416011
5,0,46.79414094736897,0.953205859052631
5,3,30.304311713272966,1.0
3,3,47.856242728116,1.0
3,0,149.55772702810552,0.45044227297189454
2,1,96.09377251941139,0.6039062274805885
5,0,33.637453136133004,0.966362546863867
6,5,181.7585638667162,1.0
4,1,182.93836632433866,0.9170616336756614
1,1,197.0586877590916,0.30294131224090837
2,2,120.36800061591768,0.8796319993840823
2,1,72.5971418526218,0.6274028581473782
5,5,15.641424207173868,1.0
5,2,190.42602550340177,1.0
2,2,97.73535596984462,0.9022646440301554
1,0,96.7960564610697,0.10320394353893031
1,1,35.08205572594363,0.46491794427405636
5,4,65.96369565925578,1.0
4,2,36.50310004617869,1.0
1,0,14.515612748462171,0.18548438725153785
6,4,90.77616600774306,1.0
1,1,73.4246827640974,0.4265753172359026
3,1,57.158261801699034,0.8428417381983011
2,1,39.72586953631687,0.6602741304636831
4,1,61.2313637407971,1.0
3,3,77.43461551798437,1.0
3,1,118.87239847477765,0.7811276015252224
4,1,100.10648849283223,0.9998935115071679
1,1,94.24468624232544,0.40575531375767454
2,1,152.16724671791684,0.5478327532820831
5,4,104.68986800892561,1.0
4,2,111.99788745424166,1.0
1,0,94.9719378036306,0.10502806219636941
3,3,126.42258158383673,1.0
2,1,92.7888539097934,0.6072111460902065
3,3,52.83085175164878,1.0
2,2,177.6985473019451,0.8223014526980549
5,5,79.69631265879656,1.0
1,1,182.37454285029065,0.31762545714970936
1,1,180.7934513236603,0.3192065486763397
3,1,76.7019598848716,0.8232980401151285
6,6,134.50889145254231,1.0
3,0,102.94949836809695,0.4970505016319031
1,1,45.621130145969985,0.45437886985403003
1,0,61.423384852509116,0.1385766151474909
2,1,45.90932653300462,0.6540906734669953
2,0,35.205711330498296,0.3647942886695017
4,2,19.215149734007802,1.0
2,0,82.44687851752023,0.31755312148247977
5,2,199.8678580326218,1.0
1,1,154.68530770128427,0.3453146922987157
1,1,119.09933723920051,0.3809006627607995
4,0,164.53341748120917,0.6354665825187908
5,5,105.36108545180349,1.0
5,1,43.267408175636476,1.0
5,4,33.79510056083595,1.0
2,1,88.65987492712478,0.6113401250728752
5,4,145.77488358596304,1.0
2,2,112.83654734636515,0.8871634526536348
1,1,49.25240034723185,0.4507475996527681
6,5,30.21694954280132,1.0
3,2,72.65863615283418,1.0
3,3,105.84179163505439,1.0
2,1,83.0012693946153,0.6169987306053847
4,1,154.19732149328166,0.9458026785067184
2,1,109.55671671969165,0.5904432832803083
3,3,178.4706623336929,1.0
5,1,134.49749841712895,1.0
1,1,78.36352779173252,0.4216364722082675
6,6,51.39742505076243,1.0
3,0,86.90479175750764,0.5130952082424924
1,0,138.87015094993816,0.06112984905006186
5,3,36.83756767690632,1.0
5,5,195.56269852029087,1.0
5,0,129.03431366099974,0.8709656863390003
5,0,42.64997170156483,0.9573500282984352
2,2,112.90859912428611,0.8870914008757139
6,4,149.83147095123994,1.0
3,2,196.34462908047013,1.0
5,3,99.3157019493402,1.0
5,3,29.282514473811375,1.0
1,0,136.75376277948493,0.06324623722051509
1,0,159.62821350835932,0.04037178649164069
2,0,50.55819564283196,0.34944180435716804
4,4,148.9984671851608,1.0
5,3,72.98644260379908,1.0
5,0,191.84429592846183,0.8081557040715381
3,0,94.79353268852181,0.5052064673114782
2,2,31.84161795848742,0.9681583820415126
5,5,189.77773864756742,1.0
6,1,32.70501096538912,1.0
5,1,170.47620668661477,1.0
1,0,86.88685372681299,0.11311314627318703
3,3,152.6885519645659,1.0
2,1,112.07494526170119,0.5879250547382988
4,0,18.56271097514901,0.781437289024851
3,2,170.7188420777283,1.0
4,0,166.85007687817426,0.6331499231218258
5,5,80.91974956793409,1.0
1,1,71.1081411294754,0.4288918588705246
4,3,67.53609725383069,1.0
4,0,157.30888383700196,0.642691116162998
1,0,130.56283990304945,0.06943716009695056
4,4,15.739797032367694,1.0
2,0,111.43647836112092,0.2885635216388791
2,1,160.77600871868992,0.53922399128131
6,1,130.3735424796157,1.0
3,3,100.38305169851398,1.0
6,3,95.7371566564779,1.0
5,2,189.19369497392043,1.0
5,1,59.18240295259585,1.0
1,0,55.20656998007376,0.14479343001992626
3,3,24.119220785700215,1.0
1,1,147.1558611950847,0.3528441388049153
6,5,138.9071807485709,1.0
5,3,20.745235588891617,1.0
1,1,51.20336663339199,0.448796633366608
3,1,163.51535750079375,0.7364846424992064
3,2,35.40604189220281,1.0
5,1,10.601564474126047,1.0
5,5,105.63206405857473,1.0
3,0,20.111369731852527,0.5798886302681475
5,4,81.2981511938204,1.0
5,0,56.42773667242721,0.9435722633275728
6,5,58.41018031291273,1.0
5,1,98.5846103076383,1.0
4,0,74.179715771616,0.7258202842283841
5,1,198.42648341095517,1.0
3,0,109.33107174890131,0.49066892825109876
3,0,63.01560098617939,0.5369843990138207
4,0,140.8823361178877,0.6591176638821123
6,2,11.98863348902927,1.0
3,3,173.62654864154163,1.0
3,0,63.625860769389675,0.5363741392306104
3,3,193.72143490688035,1.0
1,1,12.205693947685482,0.4877943060523145
2,2,138.7582013111844,0.8612417986888156
5,5,71.5390008602331,1.0
3,0,122.11845567803138,0.4778815443219687
6,3,180.82074195908172,1.0
1,0,101.11490013326022,0.0988850998667398
3,1,68.77838934739898,0.8312216106526011
1,0,30.067365532778158,0.16993263446722184
3,0,193.11563184480366,0.40688436815519646
3,2,143.07033006594187,1.0
1,1,38.2782083747514,0.4617217916252486
5,4,73.72869394724293,1.0
3,2,64.42065003283348,1.0
5,4,17.743720949937696,1.0
1,1,127.77613013518547,0.3722238698648145
1,0,64.08855231092738,0.13591144768907262
2,1,134.25239015668262,0.5657476098433173
3,2,181.48615182284712,1.0
3,0,168.4950791290429,0.43150492087095715
4,0,196.4943370594609,0.6035056629405391
5,3,127.02421576068149,1.0
2,2,166.4693698203201,0.8335306301796799
2,0,23.876374916518376,0.3761236250834816
4,3,101.58699254045838,1.0
6,1,91.39925938254373,1.0
1,1,159.63051398517146,0.3403694860148285
6,2,71.7247368440162,1.0
1,0,178.58167158655206,0.02141832841344793
4,3,34.4259787585866,1.0
1,0,69.78435860958689,0.1302156413904131
2,0,47.8391883875986,0.3521608116124014
5,1,190.18347757258206,1.0
2,0,145.77160541592139,0.25422839458407864
1,0,165.70184930735965,0.03429815069264036
1,1,145.4155884241443,0.35458441157585574
4,4,153.15025639648508,1.0
5,3,154.69905035247052,1.0
5,5,94.81357866297508,1.0
2,2,97.5568951293948,0.9024431048706052
1,0,140.4419364461362,0.05955806355386381
4,4,57.315795419966996,1.0
6,4,69.52792476269542,1.0
2,0,56.77576628677476,0.34322423371322525
1,0,182.40148316548226,0.01759851683451774
5,3,73.56860904704821,1.0
1,1,71.80330224082431,0.4281966977591757
6,1,44.477200528918175,1.0
5,4,148.31083371997752,1.0
3,0,170.91617623547435,0.4290838237645257
4,3,185.07242550329957,1.0
2,1,69.00705342737801,0.630992946572622
4,3,136.71883944358683,1.0
2,0,10.223169563275828,0.3897768304367242
6,2,98.62907869173345,1.0
3,3,133.56821532650147,1.0
6,2,155.5467360245167,1.0
6,2,190.21857112755268,1.0
6,5,22.175627076100476,1.0
2,2,31.09390384740593,0.968906096152594
2,0,77.73588823234745,0.3222641117676526
2,1,92.90730151825191,0.6070926984817481
2,0,71.74120291061386,0.32825879708938616
6,5,173.10410943511067,1.0
1,0,105.43832258254855,0.09456167741745146
3,0,122.59146670459236,0.4774085332954077
3,2,139.94129387051402,1.0
3,2,173.8231901000939,1.0
5,4,12.010925534312683,1.0
1,0,11.79573067397745,0.18820426932602255
6,5,52.89090882039669,1.0
5,4,42.341633406449446,1.0
1,1,108.19814600891719,0.3918018539910828
1,0,123.12331618239826,0.07687668381760177
4,0,180.06748130833478,0.6199325186916652
4,2,49.470499607180265,1.0
1,1,149.55303071996403,0.35044696928003594
4,1,57.01757667942414,1.0
3,2,48.958306147377144,1.0
2,1,31.605619399779453,0.6683943806002205
3,3,14.246137150341532,1.0
2,2,176.31126044271002,0.8236887395572899
2,2,156.504304391476,0.843495695608524
5,5,183.26428889931708,1.0
4,3,82.2723303404695,1.0
3,1,96.63188598232665,0.8033681140176735
6,1,159.44688285769598,1.0
6,6,12.142712991717788,1.0
5,4,155.10207422736818,1.0
3,3,48.30799264832763,1.0
5,1,80.16695494777184,1.0
2,0,189.29070105412953,0.21070929894587048
4,2,38.61050706931409,1.0
6,5,156.68532438008646,1.0
4,4,158.0747926452267,1.0
5,3,184.15872071593174,1.0
1,0,112.95728153112215,0.08704271846887786
4,1,141.54045129181475,0.9584595487081853
5,4,27.523004332219912,1.0
5,5,185.25195276963436,1.0
3,0,14.511753937115195,0.5854882460628849
1,1,74.55761261084932,0.4254423873891507
3,1,28.261375455972708,0.8717386245440274
3,2,68.09264802765492,1.0
2,1,135.20270538445425,0.5647972946155457
1,0,54.451109253904626,0.1455488907460954
2,1,84.9925246148741,0.6150074753851258
4,2,149.12616829321075,1.0
4,2,86.0488118496821,1.0
3,1,21.89736588147404,0.8781026341185261
1,0,43.77626393793565,0.15622373606206436
4,0,168.68938339541893,0.6313106166045811
2,0,110.6765442844171,0.28932345571558293
2,1,49.482988701798114,0.6505170112982018
5,1,174.9092223246637,1.0
5,3,168.85833663209198,1.0
2,2,64.12070414493829,0.9358792958550617
2,2,48.78360090592201,0.951216399094078
5,2,167.22257511180254,1.0
4,1,189.36490098611443,0.9106350990138856
6,4,19.80861065249296,1.0
2,0,110.05352738370331,0.2899464726162967
1,0,92.87485735092999,0.10712514264907003
6,0,86.00661839690675,1.0
6,1,23.155907379902377,1.0
3,3,177.7713856181362,1.0
3,3,138.33549670535558,1.0
4,1,194.16173807146282,0.9058382619285372
4,4,70.08085627149703,1.0
6,5,83.53251632769819,1.0
2,0,56.476957992915175,0.34352304200708483
2,1,68.74565287313796,0.631254347126862
4,0,62.549285458641286,0.7374507145413588
3,2,116.64748534923534,1.0
2,1,24.61054022065685,0.6753894597793431
1,1,100.02607416765971,0.39997392583234026
2,0,135.96963311133737,0.26403036688866266
5,5,126.94774920493012,1.0
5,0,41.21759136658274,0.9587824086334172
2,0,161.4263696010796,0.2385736303989204
4,3,127.28643777935785,1.0
5,2,73.76940150913771,1.0
4,3,106.79445549469455,1.0
6,3,77.19678313018213,1.0
3,2,54.976482782198715,1.0
4,3,81.68868110069413,1.0
4,2,29.309948722897513,1.0
5,5,116.92727962536566,1.0
6,1,133.5811375239985,1.0
1,0,124.31851629760642,0.07568148370239358
6,3,68.33674509281497,1.0
1,1,29.27637977254751,0.4707236202274525
5,0,94.37722900535127,0.9056227709946487
3,2,173.28896897748237,1.0
5,3,44.245076125481326,1.0
4,0,77.27474503671586,0.7227252549632842
4,0,52.922038079338144,0.7470779619206619
4,2,56.51850843146958,1.0
4,0,175.97820878542467,0.6240217912145753
2,1,43.019413575536625,0.6569805864244633
2,2,117.74659182397936,0.8822534081760206
6,0,36.143545239615285,1.0
5,5,178.5986764880164,1.0
2,1,140.43516020391328,0.5595648397960866
2,0,180.56082072262723,0.21943917927737278
2,0,168.37275635988522,0.23162724364011478
4,2,168.80876067454312,1.0
5,4,198.52081804474298,1.0
2,0,101.2671852472175,0.2987328147527825
4,0,77.74812555119047,0.7222518744488096
1,1,102.41612613106834,0.3975838738689317
5,3,110.4314083952438,1.0
3,3,110.37676611316726,1.0
4,0,90.18860532319474,0.7098113946768053
5,5,136.23353309725974,1.0
3,3,94.33853250645647,1.0
3,1,28.60209369909649,0.8713979063009036
3,3,60.03328287320452,1.0
6,4,165.51765419495376,1.0
1,1,53.984927117252376,0.4460150728827476
3,2,76.55889379494478,1.0
2,0,166.0896759100512,0.23391032408994883
6,5,51.07179585569704,1.0
6,1,57.50790561965938,1.0
6,2,100.93356485840219,1.0
1,1,34.05820557047681,0.4659417944295232
6,6,31.53933145279521,1.0
5,0,146.04774105156093,0.8539522589484391
2,2,68.75792322145466,0.9312420767785453
3,0,74.23243760697376,0.5257675623930264
2,1,142.67555901364864,0.5573244409863514
2,2,37.288203282502366,0.9627117967174976
1,1,90.3163632031327,0.4096836367968673
4,2,28.475392266563496,1.0
3,1,172.48677024613465,0.7275132297538655
6,3,165.23505974539415,1.0
3,0,87.93811750065919,0.5120618824993409
1,0,107.29476401516098,0.09270523598483903
3,3,121.5058976489242,1.0
3,0,61.13713583239474,0.5388628641676053
6,4,65.69907813182883,1.0
5,3,153.9191762221464,1.0
6,5,188.71523174415705,1.0
3,2,38.450492721797396,1.0
6,4,135.66999917784113,1.0
3,0,78.49095939403992,0.5215090406059602
6,6,104.87766486500743,1.0
5,1,66.8376597694475,1.0
3,3,161.8998071814499,1.0
3,1,92.82411659137401,0.8071758834086261
5,1,112.68952101121621,1.0
6,2,194.15037386419453,1.0
5,0,59.67329599294456,0.9403267040070554
6,5,190.1746259393267,1.0
5,2,28.295297812491935,1.0
3,1,151.67806504761893,0.7483219349523812
1,0,117.90797342371339,0.08209202657628661
5,0,112.57097715509508,0.8874290228449049
2,0,64.5987965294403,0.3354012034705597
3,2,54.91451692620374,1.0
3,2,164.96890388802203,1.0
6,5,134.9166208591314,1.0
5,4,127.29346901939552,1.0
6,0,155.17970294466477,1.0
5,2,81.81328991487226,1.0
4,2,71.1265711387141,1.0
1,1,152.17954591280983,0.3478204540871902
3,3,192.48955727844057,1.0
4,4,181.69272957715066,1.0
5,5,152.77074718717452,1.0
4,2,192.6644818709062,1.0
4,1,180.17625501865044,0.9198237449813497
6,4,111.57501708131457,1.0
3,1,139.58321085154788,0.7604167891484522
6,5,30.453095836720088,1.0
5,3,142.2962479099816,1.0
3,2,155.6557337170351,1.0
6,3,43.860610505747445,1.0
3,3,197.33452580054234,1.0
3,2,37.82417119053528,1.0
1,1,28.971567256399062,0.47102843274360096
3,3,165.24470213662684,1.0
6,2,17.805065929256976,1.0
4,4,87.62604650405139,1.0
1,0,46.82472237888068,0.15317527762111932
5,3,64.9260325736337,1.0
5,2,188.66749038645156,1.0
3,2,174.3448393291434,1.0
2,0,67.49032643388202,0.332509673566118
2,2,179.8452760196857,0.8201547239803143
2,1,26.656292951313894,0.6733437070486861
1,0,178.4215068898212,0.021578493110178815
1,0,151.09362019594803,0.048906379804051964
1,0,129.275380361156,0.070724619638844
3,0,188.48379536462244,0.41151620463537764
1,1,66.65277974491869,0.4333472202550813
6,4,28.29658731835317,1.0
1,1,143.24713345815235,0.3567528665418477
5,1,111.11513194779344,1.0
4,0,120.25209540859699,0.679747904591403
5,1,17.544815727476713,1.0
2,2,106.44765052484858,0.8935523494751514
4,1,125.30918390185629,0.9746908160981438
3,0,149.05002546634873,0.4509499745336514
1,0,151.53242454433953,0.04846757545566047
5,0,124.77434137202951,0.8752256586279705
3,1,16.404586812164855,0.8835954131878353
5,0,38.699695474708264,0.9613003045252917
1,0,168.24536532095706,0.03175463467904294
3,0,177.6460573750776,0.4223539426249225
3,1,131.84415195061234,0.7681558480493877
5,5,168.97335634063126,1.0
2,2,151.5057509307598,0.8484942490692402
3,1,114.95858938454793,0.7850414106154522
5,3,73.80018345175768,1.0
5,3,129.34457551952582,1.0
6,3,53.34573088304588,1.0
3,2,99.53011739768472,1.0
2,1,82.92701838786687,0.6170729816121331
1,0,98.073570898087,0.101926429101913
6,5,20.51882442057617,1.0
4,4,192.2212322199155,1.0
6,2,118.23180895972173,1.0
4,0,32.31274205209205,0.767687257947908
4,2,19.526100960720576,1.0
5,0,166.296194418595,0.833703805581405
6,6,14.832260746704556,1.0
3,2,56.00351732310386,1.0
5,3,151.96439789009972,1.0
1,1,197.87790216321253,0.30212209783678745
4,4,181.56403785666743,1.0
4,3,198.39131780200876,1.0
2,0,28.20605218870362,0.3717939478112964
5,4,58.38751098241632,1.0
1,1,97.83684386357427,0.4021631561364257
5,1,190.62759097676883,1.0
4,1,196.62552028393642,0.9033744797160637
4,2,196.03324623420104,1.0
2,2,84.48849667217789,0.915511503327822
1,1,61.23672139953694,0.43876327860046305
5,2,83.06090642014375,1.0
5,3,182.61867324992772,1.0
4,1,158.03409169399777,0.9419659083060024
1,1,109.73922447609046,0.39026077552390953
2,2,119.94868510671863,0.8800513148932814
4,3,71.71183268103955,1.0
5,3,64.13991038404697,1.0
3,3,195.76255481779216,1.0
5,4,184.61572201053457,1.0
5,2,58.51815852781417,1.0
6,2,114.07214063812589,1.0
5,3,36.38718361157997,1.0
6,1,136.17463066406685,1.0
6,1,17.986940948094276,1.0
5,5,173.55985111611022,1.0
5,2,148.08289032061052,1.0
5,3,101.4814827971765,1.0
6,2,26.9386444542367,1.0
5,1,23.984174201011292,1.0
2,2,146.5455241809934,0.8534544758190066
3,2,91.94547281148857,1.0
6,6,88.40385856591116,1.0
1,0,69.1938705950559,0.13080612940494413
6,6,72.56220646369053,1.0
3,3,164.06948814700587,1.0
6,5,39.77461924179668,1.0
6,2,49.799522669377275,1.0
6,1,33.5954315433528,1.0
4,1,199.24583509737417,0.9007541649026259
5,1,109.4699451688151,1.0
4,1,101.82119198529455,0.9981788080147055
4,1,143.40168564831413,0.956598314351686
1,0,88.90376157980852,0.11109623842019149
6,0,38.6769410101276,1.0
3,2,161.41973842010262,1.0
6,3,56.592769791103954,1.0
4,4,82.52238999966237,1.0
1,1,168.79073141414102,0.331209268585859
5,1,183.62495286669065,1.0
3,0,10.33532067032705,0.589664679329673
3,3,49.389948418607325,1.0
5,2,89.55588903479507,1.0
4,1,111.56395451863267,0.9884360454813674
4,2,67.07467628143257,1.0
4,1,138.30038930071115,0.961699610699289
1,1,155.26415026271604,0.34473584973728394
4,4,183.31699115957332,1.0
6,3,75.81019997943768,1.0
2,1,199.55750189839998,0.5004424981016
4,2,193.01814259569292,1.0
4,3,179.88115840530563,1.0
2,2,147.58178729584756,0.8524182127041524
6,4,49.902800703800835,1.0
5,3,125.96236787323824,1.0
4,2,19.086535434190885,1.0
2,1,48.94227237965392,0.651057727620346
3,0,66.40673439310316,0.5335932656068969
5,3,18.022260252004617,1.0
4,1,188.87462823807078,0.9111253717619293
6,6,178.20281873748468,1.0
4,2,192.2156595184954,1.0
2,1,18.578648012014725,0.6814213519879853
3,3,88.56068823507677,1.0
2,0,99.05800633222992,0.3009419936677701
5,2,85.35575878590348,1.0
4,3,161.87071487563242,1.0
6,4,41.76502303220279,1.0
1,0,21.185102291616833,0.17881489770838319
2,0,72.54629804002208,0.3274537019599779
6,2,172.9242224991186,1.0
4,4,155.94343476912286,1.0
4,3,136.78120180573467,1.0
5,2,11.06139350094076,1.0
2,1,92.05971662218047,0.6079402833778195
5,3,166.4102678008088,1.0
4,1,185.61797603126945,0.9143820239687306
1,1,108.22294877297487,0.3917770512270251
1,0,114.38380424946624,0.08561619575053377
4,0,180.46710301327738,0.6195328969867226
4,4,192.74105902103557,1.0
1,0,192.37850275900715,0.007621497240992869
2,1,163.6921278747586,0.5363078721252413
5,3,39.543109129500145,1.0
1,1,194.2497662257508,0.3057502337742492
6,1,48.677959962619155,1.0
2,1,124.0360129671046,0.5759639870328953
1,1,88.81847869901877,0.41118152130098123
4,0,38.8363422116387,0.7611636577883614
3,1,23.629017703513995,0.8763709822964861
6,4,52.61897813603247,1.0
5,2,88.74254927079056,1.0
2,2,51.92810460010271,0.9480718953998973
4,1,143.19511402961425,0.9568048859703858
6,2,173.95847769601878,1.0
2,1,100.6074141115746,0.5993925858884254
6,1,28.97804133755082,1.0
1,1,116.75576538748966,0.38324423461251034
4,3,100.56174874514733,1.0
2,2,16.773307356468607,0.9832266926435314
4,1,106.61456157278677,0.9933854384272133
3,2,144.56283784677328,1.0
5,1,129.57937502535285,1.0
1,1,17.428795023771517,0.48257120497622846
2,1,81.15036084857742,0.6188496391514225
1,1,101.10229384991624,0.39889770615008374
4,1,158.49609464152937,0.9415039053584707
1,1,80.25725139290937,0.4197427486070906
2,0,36.90622928762412,0.3630937707123759
4,4,187.32570257707488,1.0
1,0,164.55873299852107,0.03544126700147893
4,4,158.9600364840358,1.0
3,1,28.95169936989449,0.8710483006301056
6,0,10.575942381696661,1.0
5,2,102.14722354189125,1.0
1,0,102.2993972130189,0.0977006027869811
1,1,117.0646093512253,0.3829353906487747
3,0,123.43423899475104,0.47656576100524906
4,3,40.14010678726467,1.0
1,0,32.95167717036158,0.16704832282963844
4,3,39.67396505072415,1.0
3,3,60.57198808158685,1.0
5,0,101.05372574260889,0.898946274257391
5,3,45.10580547290661,1.0
5,4,68.68654247525743,1.0
3,0,152.73956457158064,0.4472604354284194
3,3,103.026220773715,1.0
1,1,27.042787833858892,0.4729572121661411
3,3,62.47615998204232,1.0
1,1,99.62759404240236,0.4003724059575976
6,0,148.29541401752775,1.0
3,1,173.94639656415322,0.7260536034358469
4,1,178.6558285972931,0.921344171402707
4,1,156.8542381629623,0.9431457618370378
6,5,19.200249472531105,1.0
6,3,157.08559398957937,1.0
3,1,95.64498799336471,0.8043550120066354
2,0,37.93694154150964,0.3620630584584904
5,3,85.60837759235581,1.0
5,2,112.7314982247121,1.0
2,2,183.02289042507732,0.8169771095749226
6,3,18.864983928725927,1.0
2,0,50.024803966307765,0.34997519603369226
4,4,181.54910639303932,1.0
4,4,72.65510272301961,1.0
3,1,107.89167188322307,0.7921083281167771
5,2,12.643986974094743,1.0
4,0,142.43420781097498,0.657565792189025
2,2,115.85315760109253,0.8841468423989074
1,1,56.36813906240966,0.4436318609375903
5,2,96.82076978869807,1.0
5,4,53.535616792628275,1.0
4,4,45.74969265611944,1.0
4,0,73.90916360834004,0.72609083639166
1,0,54.033560196666045,0.14596643980333396
5,5,27.055417016811703,1.0
6,2,122.24324224355209,1.0
3,0,97.5898643887592,0.5024101356112409
3,3,139.2420776241882,1.0
4,0,182.96740261839798,0.617032597381602
4,0,83.06128670166301,0.716938713298337
5,0,165.0118488678406,0.8349881511321594
6,2,74.84911102056941,1.0
1,1,71.99475327829825,0.42800524672170176
6,2,75.92799082447442,1.0
6,5,127.57488977715468,1.0
5,2,186.00711108347224,1.0
4,4,109.5079334857267,1.0
3,0,178.86725905540757,0.4211327409445925
5,5,136.33309640696848,1.0
3,3,54.82798920349069,1.0
2,1,19.578583335282577,0.6804214166647173
1,1,23.794951953618423,0.4762050480463816
3,1,160.8555508691642,0.7391444491308359
2,2,160.18538595873727,0.8398146140412627
6,4,71.94887813009805,1.0
3,0,88.57070971489316,0.511429290285107
5,3,58.84053601592279,1.0
2,1,90.2107584006646,0.6097892415993353
3,1,82.71796887772626,0.8172820311222738
1,1,69.35816004161407,0.4306418399583859
2,1,181.3794632120629,0.5186205367879371
6,2,151.03959446956264,1.0
1,1,49.01236038911198,0.450987639610888
4,2,109.48628291199412,1.0
2,0,131.19192670530947,0.26880807329469053
3,0,44.621494279774154,0.555378505720226
5,2,104.10785887761598,1.0
2,2,88.7262964435685,0.9112737035564316
5,3,170.77161109204988,1.0
6,0,90.86243390867764,1.0
1,0,191.88772315983599,0.008112276840164023
4,1,199.26285179467888,0.9007371482053212
4,2,143.38901873249972,1.0
5,3,70.21457441109965,1.0
5,0,68.10003223863059,0.9318999677613694
5,4,86.05236615329444,1.0
6,0,90.34770009011265,1.0
3,1,10.730941295260934,0.8892690587047392
6,2,102.89741343309568,1.0
6,4,15.790591213070059,1.0
3,1,95.92496406339791,0.8040750359366022
5,2,171.0317366332857,1.0
3,3,156.4360371140318,1.0
2,2,36.68254279555913,0.9633174572044408
2,1,151.02701239303113,0.5489729876069688
1,1,155.20811981133778,0.34479188018866225
4,2,181.4546579319747,1.0
1,0,31.450641699982384,0.16854935830001763
6,3,106.45972557433016,1.0
3,1,29.200544919571293,0.8707994550804289
1,1,114.75969600160903,0.385240303998391
5,1,111.87398320130609,1.0
6,4,57.90719088658877,1.0
3,3,137.26207796497667,1.0
1,1,49.566387022663086,0.4504336129773369
5,1,98.02811594591867,1.0
5,0,140.96771975224905,0.8590322802477509
3,3,155.92122339009694,1.0
5,2,141.17745942718003,1.0
1,1,53.79154699759332,0.4462084530024067
5,0,31.474207113947173,0.9685257928860528
4,1,31.359090195947797,1.0
2,2,196.5989514344854,0.8034010485655145
6,0,86.05834024061737,1.0
5,4,19.130789834348743,1.0
4,1,121.52746973640707,0.978472530263593
1,0,83.79873196453251,0.1162012680354675
5,2,170.5226974158798,1.0
4,4,102.85577123807538,1.0
3,1,51.12778582893943,0.8488722141710607
2,1,106.37544003052507,0.5936245599694749
3,3,198.14386103839914,1.0
2,2,175.9517199263913,0.8240482800736086
2,0,173.57681304842666,0.22642318695157337
2,2,102.89644863527617,0.8971035513647239
6,6,22.03457897348804,1.0
5,0,119.68120838159618,0.8803187916184039
1,1,67.66077594529976,0.43233922405470027
3,3,125.25612677760668,1.0
1,0,47.826862630575654,0.15217313736942434
6,5,129.37169088789108,1.0
5,1,145.36055622596595,1.0
4,1,161.2425457025345,0.9387574542974656
2,2,196.50909684680133,0.8034909031531987
4,4,19.41562973748249,1.0
4,4,50.54133867101194,1.0
5,4,103.7993007645363,1.0
2,0,170.60845855940525,0.22939154144059476
3,1,192.01002589224672,0.7079899741077534
3,2,81.85000908789335,1.0
2,2,47.15836713674926,0.9528416328632507
4,3,89.67206964767774,1.0
6,0,48.92522000140144,1.0
2,0,109.1082136707991,0.29089178632920093
4,1,100.25641989708498,0.9997435801029151
2,1,170.49266231614465,0.5295073376838553
4,4,116.60387746772226,1.0
3,1,134.78870721300186,0.7652112927869983
6,4,24.222550990216206,1.0
5,0,61.74430326712805,0.9382556967328719
5,0,124.78776389931397,0.875212236100686
5,5,194.06778294106022,1.0
